pdno;file
1;1.png
2;2.png
3;3.png
3;3-mega.png
4;4.png
5;5.png
6;6.png
6;6-mega-x.png
6;6-mega-y.png
7;7.png
8;8.png
9;9.png
9;9-mega.png
10;10.png
11;11.png
12;12.png
13;13.png
14;14.png
15;15.png
15;15-mega.png
16;16.png
17;17.png
18;18.png
18;18-mega.png
19;19.png
20;20.png
21;21.png
22;22.png
23;23.png
24;24.png
25;25.png
25;25-belle.png
25;25-libre.png
25;25-phd.png
25;25-pop-star.png
25;25-rock-star.png
26;26.png
27;27.png
28;28.png
29;29.png
30;30.png
31;31.png
32;32.png
33;33.png
34;34.png
35;35.png
36;36.png
37;37.png
38;38.png
39;39.png
40;40.png
41;41.png
42;42.png
43;43.png
44;44.png
45;45.png
46;46.png
47;47.png
48;48.png
49;49.png
50;50.png
51;51.png
52;52.png
53;53.png
54;54.png
55;55.png
56;56.png
57;57.png
58;58.png
59;59.png
60;60.png
61;61.png
62;62.png
63;63.png
64;64.png
65;65.png
65;65-mega.png
66;66.png
67;67.png
68;68.png
69;69.png
70;70.png
71;71.png
72;72.png
73;73.png
74;74.png
75;75.png
76;76.png
77;77.png
78;78.png
79;79.png
80;80.png
80;80-mega.png
81;81.png
82;82.png
83;83.png
84;84.png
85;85.png
86;86.png
87;87.png
88;88.png
89;89.png
90;90.png
91;91.png
92;92.png
93;93.png
94;94.png
94;94-mega.png
95;95.png
96;96.png
97;97.png
98;98.png
99;99.png
100;100.png
101;101.png
102;102.png
103;103.png
104;104.png
105;105.png
106;106.png
107;107.png
108;108.png
109;109.png
110;110.png
111;111.png
112;112.png
113;113.png
114;114.png
115;115.png
115;115-mega.png
116;116.png
117;117.png
118;118.png
119;119.png
120;120.png
121;121.png
122;122.png
123;123.png
124;124.png
125;125.png
126;126.png
127;127.png
127;127-mega.png
128;128.png
129;129.png
130;130.png
130;130-mega.png
131;131.png
132;132.png
133;133.png
134;134.png
135;135.png
136;136.png
137;137.png
138;138.png
139;139.png
140;140.png
141;141.png
142;142.png
142;142-mega.png
143;143.png
144;144.png
145;145.png
146;146.png
147;147.png
148;148.png
149;149.png
150;150.png
150;150-mega-x.png
150;150-mega-y.png
151;151.png
152;152.png
153;153.png
154;154.png
155;155.png
156;156.png
157;157.png
158;158.png
159;159.png
160;160.png
161;161.png
162;162.png
163;163.png
164;164.png
165;165.png
166;166.png
167;167.png
168;168.png
169;169.png
170;170.png
171;171.png
172;172.png
173;173.png
174;174.png
175;175.png
176;176.png
177;177.png
178;178.png
179;179.png
180;180.png
181;181.png
181;181-mega.png
182;182.png
183;183.png
184;184.png
185;185.png
186;186.png
187;187.png
188;188.png
189;189.png
190;190.png
191;191.png
192;192.png
193;193.png
194;194.png
195;195.png
196;196.png
197;197.png
198;198.png
199;199.png
200;200.png
201;201-f.png
202;202.png
203;203.png
204;204.png
205;205.png
206;206.png
207;207.png
208;208.png
208;208-mega.png
209;209.png
210;210.png
211;211.png
212;212.png
212;212-mega.png
213;213.png
214;214.png
214;214-mega.png
215;215.png
216;216.png
217;217.png
218;218.png
219;219.png
220;220.png
221;221.png
222;222.png
223;223.png
224;224.png
225;225.png
226;226.png
227;227.png
228;228.png
229;229.png
229;229-mega.png
230;230.png
231;231.png
232;232.png
233;233.png
234;234.png
235;235.png
236;236.png
237;237.png
238;238.png
239;239.png
240;240.png
241;241.png
242;242.png
243;243.png
244;244.png
245;245.png
246;246.png
247;247.png
248;248.png
248;248-mega.png
249;249.png
250;250.png
251;251.png
252;252.png
253;253.png
254;254.png
254;254-mega.png
255;255.png
256;256.png
257;257.png
257;257-mega.png
258;258.png
259;259.png
260;260.png
260;260-mega.png
261;261.png
262;262.png
263;263.png
264;264.png
265;265.png
266;266.png
267;267.png
268;268.png
269;269.png
270;270.png
271;271.png
272;272.png
273;273.png
274;274.png
275;275.png
276;276.png
277;277.png
278;278.png
279;279.png
280;280.png
281;281.png
282;282.png
282;282-mega.png
283;283.png
284;284.png
285;285.png
286;286.png
287;287.png
288;288.png
289;289.png
290;290.png
291;291.png
292;292.png
293;293.png
294;294.png
295;295.png
296;296.png
297;297.png
298;298.png
299;299.png
300;300.png
301;301.png
302;302.png
302;302-mega.png
303;303.png
303;303-mega.png
304;304.png
305;305.png
306;306.png
306;306-mega.png
307;307.png
308;308.png
308;308-mega.png
309;309.png
310;310.png
310;310-mega.png
311;311.png
312;312.png
313;313.png
314;314.png
315;315.png
316;316.png
317;317.png
318;318.png
319;319.png
319;319-mega.png
320;320.png
321;321.png
322;322.png
323;323.png
323;323-mega.png
324;324.png
325;325.png
326;326.png
327;327.png
328;328.png
329;329.png
330;330.png
331;331.png
332;332.png
333;333.png
334;334.png
334;334-mega.png
335;335.png
336;336.png
337;337.png
338;338.png
339;339.png
340;340.png
341;341.png
342;342.png
343;343.png
344;344.png
345;345.png
346;346.png
347;347.png
348;348.png
349;349.png
350;350.png
351;351.png
352;352.png
353;353.png
354;354.png
354;354-mega.png
355;355.png
356;356.png
357;357.png
358;358.png
359;359.png
359;359-mega.png
360;360.png
361;361.png
362;362.png
362;362-mega.png
363;363.png
364;364.png
365;365.png
366;366.png
367;367.png
368;368.png
369;369.png
370;370.png
371;371.png
372;372.png
373;373.png
373;373-mega.png
374;374.png
375;375.png
376;376.png
376;376-mega.png
377;377.png
378;378.png
379;379.png
380;380.png
380;380-mega.png
381;381.png
381;381-mega.png
382;382.png
382;382-primal.png
383;383.png
383;383-primal.png
384;384.png
384;384-mega.png
385;385.png
386;386-attack.png
386;386-defense.png
386;386-normal.png
386;386-speed.png
387;387.png
388;388.png
389;389.png
390;390.png
391;391.png
392;392.png
393;393.png
394;394.png
395;395.png
396;396.png
397;397.png
398;398.png
399;399.png
400;400.png
401;401.png
402;402.png
403;403.png
404;404.png
405;405.png
406;406.png
407;407.png
408;408.png
409;409.png
410;410.png
411;411.png
412;412-plant.png
412;412-sandy.png
412;412-trash.png
413;413-plant.png
413;413-sandy.png
413;413-trash.png
414;414.png
415;415.png
416;416.png
417;417.png
418;418.png
419;419.png
420;420.png
421;421-overcast.png
421;421-sunshine.png
422;422-east.png
422;422-west.png
423;423-east.png
423;423-west.png
424;424.png
425;425.png
426;426.png
427;427.png
428;428.png
428;428-mega.png
429;429.png
430;430.png
431;431.png
432;432.png
433;433.png
434;434.png
435;435.png
436;436.png
437;437.png
438;438.png
439;439.png
440;440.png
441;441.png
442;442.png
443;443.png
444;444.png
445;445.png
445;445-mega.png
446;446.png
447;447.png
448;448.png
448;448-mega.png
449;449.png
450;450.png
451;451.png
452;452.png
453;453.png
454;454.png
455;455.png
456;456.png
457;457.png
458;458.png
459;459.png
460;460.png
460;460-mega.png
461;461.png
462;462.png
463;463.png
464;464.png
465;465.png
466;466.png
467;467.png
468;468.png
469;469.png
470;470.png
471;471.png
472;472.png
473;473.png
474;474.png
475;475.png
475;475-mega.png
476;476.png
477;477.png
478;478.png
479;479.png
479;479-fan.png
479;479-frost.png
479;479-heat.png
479;479-mow.png
479;479-wash.png
480;480.png
481;481.png
482;482.png
483;483.png
484;484.png
485;485.png
486;486.png
487;487-altered.png
487;487-origin.png
488;488.png
489;489.png
490;490.png
491;491.png
492;492-land.png
492;492-sky.png
493;493-normal.png
494;494.png
495;495.png
496;496.png
497;497.png
498;498.png
499;499.png
500;500.png
501;501.png
502;502.png
503;503.png
504;504.png
505;505.png
506;506.png
507;507.png
508;508.png
509;509.png
510;510.png
511;511.png
512;512.png
513;513.png
514;514.png
515;515.png
516;516.png
517;517.png
518;518.png
519;519.png
520;520.png
521;521.png
521;521f.png
522;522.png
523;523.png
524;524.png
525;525.png
526;526.png
527;527.png
528;528.png
529;529.png
530;530.png
531;531.png
531;531-mega.png
532;532.png
533;533.png
534;534.png
535;535.png
536;536.png
537;537.png
538;538.png
539;539.png
540;540.png
541;541.png
542;542.png
543;543.png
544;544.png
545;545.png
546;546.png
547;547.png
548;548.png
549;549.png
550;550-blue-striped.png
550;550-red-striped.png
551;551.png
552;552.png
553;553.png
554;554.png
555;555-standard.png
556;556.png
557;557.png
558;558.png
559;559.png
560;560.png
561;561.png
562;562.png
563;563.png
564;564.png
565;565.png
566;566.png
567;567.png
568;568.png
569;569.png
570;570.png
571;571.png
572;572.png
573;573.png
574;574.png
575;575.png
576;576.png
577;577.png
578;578.png
579;579.png
580;580.png
581;581.png
582;582.png
583;583.png
584;584.png
585;585-autumn.png
585;585-spring.png
585;585-summer.png
585;585-winter.png
586;586-autumn.png
586;586-spring.png
586;586-summer.png
586;586-winter.png
587;587.png
588;588.png
589;589.png
590;590.png
591;591.png
592;592.png
592;592f.png
593;593.png
593;593f.png
594;594.png
595;595.png
596;596.png
597;597.png
598;598.png
599;599.png
600;600.png
601;601.png
602;602.png
603;603.png
604;604.png
605;605.png
606;606.png
607;607.png
608;608.png
609;609.png
610;610.png
611;611.png
612;612.png
613;613.png
614;614.png
615;615.png
616;616.png
617;617.png
618;618.png
619;619.png
620;620.png
621;621.png
622;622.png
623;623.png
624;624.png
625;625.png
626;626.png
627;627.png
628;628.png
629;629.png
630;630.png
631;631.png
632;632.png
633;633.png
634;634.png
635;635.png
636;636.png
637;637.png
638;638.png
639;639.png
640;640.png
641;641-incarnate.png
641;641-therian.png
642;642-incarnate.png
642;642-therian.png
643;643.png
644;644.png
645;645-incarnate.png
645;645-therian.png
646;646.png
646;646-black.png
646;646-white.png
647;647-ordinary.png
647;647-resolute.png
648;648.png
648;648-pirouette.png
649;649.png
650;650.png
651;651.png
652;652.png
653;653.png
654;654.png
655;655.png
656;656.png
657;657.png
658;658.png
659;659.png
660;660.png
661;661.png
662;662.png
663;663.png
664;664.png
665;665.png
666;666.png
666;666-elegant.png
667;667.png
668;668.png
668;668f.png
669;669.png
670;670.png
671;671.png
672;672.png
673;673.png
674;674.png
675;675.png
676;676.png
676;676-diamond.png
676;676-heart.png
676;676-star.png
677;677.png
678;678.png
678;678f.png
679;679.png
680;680.png
681;681.png
681;681-blade.png
681;681-shield.png
682;682.png
683;683.png
684;684.png
685;685.png
686;686.png
687;687.png
688;688.png
689;689.png
690;690.png
691;691.png
692;692.png
693;693.png
694;694.png
695;695.png
696;696.png
697;697.png
698;698.png
699;699.png
700;700.png
701;701.png
702;702.png
703;703.png
704;704.png
705;705.png
706;706.png
707;707.png
708;708.png
709;709.png
710;710.png
711;711.png
712;712.png
713;713.png
714;714.png
715;715.png
716;716.png
717;717.png
718;718.png
719;719.png
719;719-mega.png
720;720.png
720;720-unbound.png
721;721.png
